id;description;created_at;update_at
1;../fake-data/blob/hipster.txt;2024-07-18T04:10:56;2024-07-18T08:36:13
2;../fake-data/blob/hipster.txt;2024-07-18T15:57:16;2024-07-18T00:48:18
3;../fake-data/blob/hipster.txt;2024-07-18T06:07:37;2024-07-18T01:01:32
4;../fake-data/blob/hipster.txt;2024-07-17T22:24:24;2024-07-18T13:51:36
5;../fake-data/blob/hipster.txt;2024-07-18T00:59:31;2024-07-18T14:59:40
6;../fake-data/blob/hipster.txt;2024-07-17T23:42:41;2024-07-18T11:37:51
7;../fake-data/blob/hipster.txt;2024-07-18T07:22:17;2024-07-17T22:17:21
8;../fake-data/blob/hipster.txt;2024-07-18T05:35:27;2024-07-18T06:16:22
9;../fake-data/blob/hipster.txt;2024-07-18T12:26:36;2024-07-17T21:32:06
10;../fake-data/blob/hipster.txt;2024-07-18T09:21:29;2024-07-18T07:29:21
