id;name;image;image_content_type;height;width;taken;uploaded
1;how;../fake-data/blob/hipster.png;image/png;24460;17073;2024-07-18T13:00:41;2024-07-18T01:24:32
2;impairment;../fake-data/blob/hipster.png;image/png;30;25780;2024-07-18T16:01:02;2024-07-18T09:43:31
3;trait dirt;../fake-data/blob/hipster.png;image/png;26216;1112;2024-07-17T16:49:16;2024-07-17T20:36:30
4;nor weekly;../fake-data/blob/hipster.png;image/png;8293;4985;2024-07-18T13:03:51;2024-07-18T13:46:45
5;mover given;../fake-data/blob/hipster.png;image/png;29888;809;2024-07-18T06:28:35;2024-07-18T05:45:24
6;qua hijack gosh;../fake-data/blob/hipster.png;image/png;3578;14925;2024-07-17T20:05:54;2024-07-18T15:04:16
7;yowza wherever;../fake-data/blob/hipster.png;image/png;5126;9615;2024-07-17T22:53:00;2024-07-17T22:59:56
8;generously boo;../fake-data/blob/hipster.png;image/png;8765;27190;2024-07-18T13:16:58;2024-07-18T04:30:14
9;per recant;../fake-data/blob/hipster.png;image/png;12286;13002;2024-07-18T09:16:37;2024-07-18T02:31:53
10;with until;../fake-data/blob/hipster.png;image/png;7645;11685;2024-07-18T06:31:52;2024-07-17T19:14:07
