id;content;created_at;status
1;../fake-data/blob/hipster.txt;2024-07-18T02:31:43;PENDING
2;../fake-data/blob/hipster.txt;2024-07-18T00:54:40;PENDING
3;../fake-data/blob/hipster.txt;2024-07-18T08:20:52;SUCCESS
4;../fake-data/blob/hipster.txt;2024-07-18T13:39:39;CANCELLED
5;../fake-data/blob/hipster.txt;2024-07-18T01:42:40;PENDING
6;../fake-data/blob/hipster.txt;2024-07-17T19:09:05;SUCCESS
7;../fake-data/blob/hipster.txt;2024-07-18T11:03:16;PENDING
8;../fake-data/blob/hipster.txt;2024-07-17T23:28:40;PENDING
9;../fake-data/blob/hipster.txt;2024-07-18T10:20:54;PENDING
10;../fake-data/blob/hipster.txt;2024-07-18T11:15:27;SUCCESS
