id;name;description;jhi_order;created_at;update_at
1;accidentally curiously safe;../fake-data/blob/hipster.txt;25422;2024-07-17T20:42:18;2024-07-18T09:40:22
2;full abound;../fake-data/blob/hipster.txt;29658;2024-07-18T04:25:35;2024-07-18T05:47:02
3;whoever elimination near;../fake-data/blob/hipster.txt;28004;2024-07-17T21:10:08;2024-07-17T18:46:37
4;or;../fake-data/blob/hipster.txt;627;2024-07-18T13:48:19;2024-07-18T14:27:28
5;astride furthermore pony;../fake-data/blob/hipster.txt;11878;2024-07-18T00:04:20;2024-07-18T02:15:29
6;longingly because foolishly;../fake-data/blob/hipster.txt;31202;2024-07-18T12:07:20;2024-07-17T21:24:40
7;forenenst;../fake-data/blob/hipster.txt;9692;2024-07-17T19:33:40;2024-07-18T00:28:32
8;hamburger tepid;../fake-data/blob/hipster.txt;22330;2024-07-18T12:39:53;2024-07-17T18:46:09
9;down;../fake-data/blob/hipster.txt;688;2024-07-18T00:12:33;2024-07-17T23:15:26
10;bah;../fake-data/blob/hipster.txt;24672;2024-07-18T08:34:05;2024-07-17T18:19:02
