id;name;created_at;update_at;status;view
1;supportive scented;2024-07-18T11:29:21;2024-07-18T12:45:23;CANCELLED;144
2;ouch;2024-07-18T13:42:34;2024-07-18T04:34:13;PENDING;6404
3;before instead or;2024-07-18T10:23:25;2024-07-17T21:06:49;SUCCESS;32040
4;sternly distant puny;2024-07-17T22:54:22;2024-07-18T07:47:44;CANCELLED;27600
5;incidentally;2024-07-18T04:39:07;2024-07-18T02:05:14;CANCELLED;4294
6;for;2024-07-18T14:01:06;2024-07-18T01:24:47;CANCELLED;1297
7;delimit geez aw;2024-07-18T01:04:07;2024-07-18T13:03:07;CANCELLED;26043
8;funny successfully shabby;2024-07-18T01:15:44;2024-07-18T15:20:24;PENDING;7479
9;napkin;2024-07-18T09:15:08;2024-07-17T17:19:39;SUCCESS;9145
10;ick on;2024-07-18T10:43:25;2024-07-17T18:59:59;CANCELLED;17404
